snapshot_date,official_count,replayed_count,missing_from_replay,extra_in_replay
2015-01-30,200,200,,
2015-05-29,200,200,"ALSTOMT&D,BAJAJFINSV,BERGEPAINT,COX&KINGS,CRISIL,CUB,GRUH,GSKCONS,JKLAKSHMI,MCDOWELL-N,NCC,REDINGTON,VEDL","ADANIENT,ARVIND,CMC,GLAXO,IDFC,INDIANB,INGVYSYABK,JPPOWER,MPHASIS,NIITTECH,RAMCOCEM,SSLT,THERMAX"
2015-07-31,200,200,,
2015-10-30,199,200,"ADANIPOWER,AJANTPHARM,BALKRISIND,GDL,KAJARIACER,NATCOPHARM,PIIND,RAJESHEXPO,SADBHAV,SINTEX,SPARC","ABIRLANUVO,CROMPGREAV,DELTACORP,EDELWEISS,INDHOTEL,IOB,MAX,MCLEODRUSS,MUTHOOTFIN,NATIONALUM,TORNTPOWER,UCOBANK"
2016-01-29,199,199,,
2016-04-29,200,199,"ADANIENT,ARVIND,BEML,CENTRALBK,DISHTV,FORTIS,GESHIP,GLAXO,GUJFLUORO,HINDCOPPER,HINDZINC,IDFC,INDHOTEL,INDIANB,INOXWIND,IOB,JETAIRWAYS,JUBILANT,MMTC,MPHASIS,MUTHOOTFIN,NATIONALUM,NBCC,PCJEWELLER,PFIZER,PGHH,RAMCOCEM,SYNGENE,TATAELXSI,TATAMTRDVR,THERMAX,TORNTPOWER,TTKPRESTIG,UCOBANK,VIDEOIND,WELSPUNIND","ALSTOMT&D,AMTEKAUTO,ANDHRABANK,BALKRISIND,CARERATING,COX&KINGS,CUB,DCBBANK,GDL,HDIL,IBREALEST,IFCI,INDIACEM,J&KBANK,JISLJALEQS,JKLAKSHMI,JPASSOCIAT,KAJARIACER,KPIT,KSCL,KTKBANK,NCC,ORIENTBANK,PIIND,PIPAVAVDOC,PTC,RALLIS,RAYMOND,REPCOHOME,SADBHAV,SINTEX,SOBHA,SOUTHBANK,UNITECH,WABAG"
2016-07-29,200,200,BHARATFIN,SKSMICRO
2016-09-30,200,200,"ABFRL,ABIRLANUVO,ALKEM,CHOLAFIN,COROMANDEL,IDFCBANK,INDIGO,MFSL,PIIND","ALBK,BEML,GESHIP,HINDCOPPER,MMTC,REDINGTON,TTKPRESTIG,UCOBANK,VIDEOIND"
2016-12-30,200,200,CROMPTON,CAIRN
2017-03-31,199,200,"DALMIABHA,EDELWEISS,ENDURANCE,ICICIPRULI,LALPATHLAB,LTTS,MANAPPURAM,QUESS,RBLBANK","GUJFLUORO,IDBI,INOXWIND,IOB,JETAIRWAYS,JUSTDIAL,MFSL,PERSISTENT,PFIZER,TATAELXSI"
2017-04-28,199,199,,
2017-06-30,199,199,,
2017-09-29,199,199,"BALKRISIND,DMART,FRETAIL,MFSL,MRPL,SRF","APLLTD,LTTS,QUESS,RELCAPITAL,SUNPHARMA,THERMAX"
2017-12-29,199,199,HUDCO,FRETAIL
2018-06-29,198,199,"ABCAPITAL,AUBANK,DBL,FCONSUMER,FRETAIL,GICRE,GODREJAGRO,GRASIM,IBREALEST,IBVENTURES,ICICIGI,QUESS,RELCAPITAL,SBILIFE,STRTECH,VGUARD","ADANIENT,ARVIND,CESC,CRISIL,DALMIABHA,FORTIS,GLAXO,GPPL,GSKCONS,ICICIPRULI,IPCALAB,LALPATHLAB,RCOM,STAR,SYNDIBANK,TATACOMM,WELSPUNIND"
2018-08-31,198,198,,
2018-09-28,197,198,"AVANTIFEED,BANDHANBNK,ESCORTS,GRAPHITE,HDFCLIFE,HEG,LTI,NIACL","AIAENG,EMAMILTD,HAVELLS,IBREALEST,IDFC,IRB,KARURVYSYA,SUZLON,WOCKPHARMA"
2018-11-30,197,197,,
2019-03-29,198,197,"BAJAJHLDNG,BBTC,GSKCONS,HAVELLS,HDFCAMC,IDFCFIRSTB,LTTS,PFIZER,VARROC","AVANTIFEED,BHARATFIN,CENTRALBK,CENTURYTEX,IDFCBANK,PCJEWELLER,TV18BRDCST,VAKRANGEE"
2019-05-31,198,198,,
2019-06-28,198,198,,
2019-08-30,198,198,,
2019-11-29,199,198,"ALBK,CESC,CUB,DALBHARAT,EMAMILTD,GODREJPROP,IPCALAB,NESTLEIND,ORIENTBANK,RNAM,SUNPHARMA","ABB,DBL,DHFL,DISHTV,GRUH,GSKCONS,RELCAPITAL,RELINFRA,RPOWER,SPARC"
2020-01-31,199,199,NAM-INDIA,RNAM
2020-02-28,199,199,TATACONSUM,TATAGLOBAL
2020-05-29,199,199,"FCONSUMER,GRAPHITE,HEG,NBCC,STRTECH,VARROC","ADANIGAS,ADANIGREEN,IRCTC,NIITTECH,POLYCAB,YESBANK"
2020-07-31,198,199,"AARTIIND,ABBOTINDIA,ADANIGAS,GUJGASLTD,IRCTC,LALPATHLAB,NIITTECH,POLYCAB,SBICARD,TRENT","ENGINERSIN,FCONSUMER,GRAPHITE,HEG,INDIANB,NBCC,NIACL,STRTECH,TATAMTRDVR,VARROC,VEDL"
2020-10-30,198,199,"COFORGE,DHANI","IBVENTURES,ISEC,NIITTECH"
2020-11-27,198,198,,
2021-01-29,198,198,"ATGL,INDUSTOWER","ADANIGAS,INFRATEL"
2021-02-26,198,198,,
2021-04-30,198,198,,
2021-07-30,198,198,GLAND,MOTHERSUMI
2021-10-29,198,198,"ASTRAL,HINDCOPPER,INDIANB,IRFC,NATIONALUM,SONACOMS,TATACOMM","ABBOTINDIA,BBTC,CESC,GMRINFRA,GODREJAGRO,IBULHSGFIN,VGUARD"
2021-12-31,198,198,,
2015-02-28,200,200,"BAJAJFINSV,CRISIL","ARVIND,INGVYSYABK"
2015-03-31,200,200,"BERGEPAINT,COX&KINGS,GRUH,GSKCONS,JKLAKSHMI,MCDOWELL-N,NCC,REDINGTON","CMC,GLAXO,INDIANB,JPPOWER,MPHASIS,NIITTECH,RAMCOCEM,THERMAX"
2015-04-30,200,200,,
2015-06-30,200,200,"ALSTOMT&D,CUB,VEDL","ADANIENT,IDFC,SSLT"
2015-07-31,200,200,,
2015-08-31,200,200,,
2015-09-30,199,200,"ADANIPOWER,AJANTPHARM,BALKRISIND,KAJARIACER,NATCOPHARM,PIIND,RAJESHEXPO,SADBHAV,SINTEX,SPARC","CROMPGREAV,DELTACORP,EDELWEISS,INDHOTEL,IOB,MAX,MCLEODRUSS,MUTHOOTFIN,NATIONALUM,TORNTPOWER,UCOBANK"
2015-11-30,199,199,GDL,ABIRLANUVO
2015-12-31,199,199,,
2016-02-29,199,199,,
2016-03-31,199,199,RDEL,PIPAVAVDOC
2016-05-31,200,199,"ADANIENT,ARVIND,BEML,CENTRALBK,DISHTV,FORTIS,GESHIP,GLAXO,GUJFLUORO,HINDCOPPER,HINDZINC,IDFC,INDHOTEL,INDIANB,INOXWIND,IOB,JETAIRWAYS,JUBILANT,MMTC,MPHASIS,MUTHOOTFIN,NATIONALUM,NBCC,PCJEWELLER,PFIZER,PGHH,RAMCOCEM,SYNGENE,TATAELXSI,TATAMTRDVR,THERMAX,TORNTPOWER,TTKPRESTIG,UCOBANK,VIDEOIND,WELSPUNIND","ALSTOMT&D,AMTEKAUTO,ANDHRABANK,BALKRISIND,CARERATING,COX&KINGS,CUB,DCBBANK,GDL,HDIL,IBREALEST,IFCI,INDIACEM,J&KBANK,JISLJALEQS,JKLAKSHMI,JPASSOCIAT,KAJARIACER,KPIT,KSCL,KTKBANK,NCC,ORIENTBANK,PIIND,PTC,RALLIS,RAYMOND,RDEL,REPCOHOME,SADBHAV,SINTEX,SOBHA,SOUTHBANK,UNITECH,WABAG"
2016-06-30,200,200,,
2016-08-31,200,200,BHARATFIN,SKSMICRO
2016-09-30,200,200,"ABFRL,ABIRLANUVO,ALKEM,CHOLAFIN,COROMANDEL,IDFCBANK,INDIGO,MFSL,PIIND","ALBK,BEML,GESHIP,HINDCOPPER,MMTC,REDINGTON,TTKPRESTIG,UCOBANK,VIDEOIND"
2016-11-30,200,200,CROMPTON,CAIRN
2017-01-31,200,200,RBLBANK,MFSL
2017-02-28,200,200,,
2017-03-31,199,200,"DALMIABHA,EDELWEISS,ENDURANCE,ICICIPRULI,LALPATHLAB,LTTS,MANAPPURAM,QUESS","GUJFLUORO,IDBI,INOXWIND,IOB,JETAIRWAYS,JUSTDIAL,PERSISTENT,PFIZER,TATAELXSI"
2017-05-31,199,199,,
2017-06-30,199,199,,
2017-07-31,199,199,SRF,SUNPHARMA
2017-08-31,199,199,,
2017-10-31,199,199,"BALKRISIND,DMART,HUDCO,MFSL,MRPL","APLLTD,LTTS,QUESS,RELCAPITAL,THERMAX"
2017-11-30,199,199,,
2018-01-31,199,199,,
2018-02-28,199,199,"AUBANK,RELCAPITAL,VGUARD","CESC,FORTIS,STAR"
2018-04-30,198,199,"ABCAPITAL,DBL,FCONSUMER,GICRE,GODREJAGRO,GRASIM,IBREALEST,IBVENTURES,ICICIGI,SBILIFE,STRTECH","ADANIENT,CRISIL,DALMIABHA,GLAXO,GPPL,GSKCONS,ICICIPRULI,IPCALAB,LALPATHLAB,RCOM,SYNDIBANK,WELSPUNIND"
2018-05-31,198,198,,
2018-07-31,198,198,"FRETAIL,QUESS","ARVIND,TATACOMM"
2018-08-31,198,198,,
2018-10-31,197,198,"AVANTIFEED,BANDHANBNK,ESCORTS,GRAPHITE,HDFCLIFE,HEG,LTI,NIACL","AIAENG,EMAMILTD,HAVELLS,IBREALEST,IDFC,IRB,KARURVYSYA,SUZLON,WOCKPHARMA"
2018-11-30,197,197,,
2018-12-31,197,197,"BBTC,VARROC","BHARATFIN,CENTURYTEX"
2019-01-31,198,197,"HAVELLS,IDFCFIRSTB",IDFCBANK
2019-02-28,198,198,,
2019-04-30,198,198,"BAJAJHLDNG,GSKCONS,HDFCAMC,LTTS,PFIZER","AVANTIFEED,CENTRALBK,PCJEWELLER,TV18BRDCST,VAKRANGEE"
2019-05-31,198,198,,
2019-07-31,198,198,,
2019-09-30,199,198,"ALBK,CESC,CUB,DALBHARAT,EMAMILTD,GODREJPROP,IPCALAB,NESTLEIND,ORIENTBANK,RNAM,SUNPHARMA","ABB,DBL,DHFL,DISHTV,GRUH,GSKCONS,RELCAPITAL,RELINFRA,RPOWER,SPARC"
2019-10-31,199,199,,
2019-12-31,199,199,,
2020-01-31,199,199,NAM-INDIA,RNAM
2020-03-31,199,199,"FCONSUMER,GRAPHITE,HEG,NBCC,STRTECH,TATACONSUM,VARROC","ADANIGAS,ADANIGREEN,IRCTC,NIITTECH,POLYCAB,TATAGLOBAL,YESBANK"
2020-04-30,199,199,,
2020-06-30,198,199,"AARTIIND,ABBOTINDIA,ADANIGAS,GUJGASLTD,IRCTC,LALPATHLAB,NIITTECH,POLYCAB,TRENT","ENGINERSIN,FCONSUMER,GRAPHITE,HEG,INDIANB,NBCC,NIACL,STRTECH,TATAMTRDVR,VARROC"
2020-07-31,198,198,SBICARD,VEDL
2020-08-31,198,198,COFORGE,NIITTECH
2020-09-30,198,199,,ISEC
2020-12-31,198,198,"DHANI,INDUSTOWER","IBVENTURES,INFRATEL"
2021-03-31,198,198,ATGL,ADANIGAS
2021-04-30,198,198,,
2021-05-31,198,198,,
2021-06-30,198,198,GLAND,MOTHERSUMI
2021-08-31,198,198,,
2021-09-30,198,198,"ASTRAL,HINDCOPPER,INDIANB,IRFC,NATIONALUM,TATACOMM","ABBOTINDIA,BBTC,CESC,GODREJAGRO,IBULHSGFIN,VGUARD"
2021-11-30,198,198,SONACOMS,GMRINFRA
2021-12-31,198,198,,
